{
  "accuracy": [
    0.6864517331123352,
    0.7981319427490234,
    0.8350908756256104,
    0.8611027598381042,
    0.8831977248191833,
    0.8904288411140442,
    0.8939439654350281,
    0.9082052707672119,
    0.9082052707672119,
    0.9118208289146423,
    0.9261825680732727,
    0.9363262057304382,
    0.9432560205459595,
    0.9489806294441223,
    0.9566134214401245,
    0.956512987613678,
    0.9639449715614319,
    0.9666566252708435,
    0.971176028251648
  ],
  "val_accuracy": [
    0.5078344941139221,
    0.5174769163131714,
    0.4849337041378021,
    0.4945761263370514,
    0.5592607259750366,
    0.5616713762283325,
    0.5580554604530334,
    0.6339895725250244,
    0.6110888123512268,
    0.7372438907623291,
    0.6267577409744263,
    0.6247488856315613,
    0.5942145586013794,
    0.7983126044273376,
    0.6580955982208252,
    0.5954198241233826,
    0.7790277004241943,
    0.7496986985206604,
    0.7452792525291443
  ],
  "loss": [
    0.9170588850975037,
    0.5307891368865967,
    0.4346275329589844,
    0.35901379585266113,
    0.3033829629421234,
    0.28416335582733154,
    0.275220662355423,
    0.25692304968833923,
    0.252797394990921,
    0.24177971482276917,
    0.19721464812755585,
    0.1769971251487732,
    0.15094779431819916,
    0.13546931743621826,
    0.12024184316396713,
    0.11712826043367386,
    0.10205099731683731,
    0.08891899138689041,
    0.08411569148302078
  ],
  "val_loss": [
    1.8051378726959229,
    2.1648635864257812,
    2.428164005279541,
    2.0628693103790283,
    1.6876873970031738,
    1.575106143951416,
    1.9375334978103638,
    1.270330548286438,
    1.5052622556686401,
    0.943091869354248,
    1.4037048816680908,
    1.2938647270202637,
    1.710788369178772,
    0.5922675728797913,
    1.2748711109161377,
    1.7478773593902588,
    0.8021383881568909,
    0.8150207996368408,
    0.8363391757011414
  ]
}